category,goods_name,jpPrice,jporgPrice,referencePrice
食品,野村煎豆 日式薄脆小圓餅乾 130g,184JPY,184JPY,(約9.4CNY)
食品,Calbee 卡樂比 Jagarico 黃油味,191JPY,191JPY,(約9.76CNY)
食品,一蘭拉麵　附一蘭特製赤紅祕製辣粉【１餐份】,437JPY,437JPY,(約22.33CNY)
食品,Calbee 卡樂比 Jagarico 長頸鹿薯條杯 沙拉口味 57g,191JPY,191JPY,(約9.76CNY)
食品,Calbee卡乐比日本进口土豆棒休闲零食膨化小吃【芝士味】55g(保质期至2022-06-29),191JPY,191JPY,(約9.76CNY)
食品,日東紅茶 皇家奶茶,301JPY,398JPY,(約15.38CNY)
食品,一蘭拉麵　博多細麵直條麵 附一蘭特製赤紅祕製辣粉【5餐份】,"2,470JPY","2,470JPY",(約126.22CNY)
食品,龍角散 潤喉糖 白桃 80g,461JPY,461JPY,(約23.56CNY)
食品,日清 cup noodle 經典海鮮味 面減量裝,181JPY,181JPY,(約9.25CNY)
食品,可爾必思 x MINTIA 清爽硬喉糖 50粒,121JPY,121JPY,(約6.18CNY)
食品,Glico固力果格力高儿童乳酸菌夹心饼干零食【巧克力】15个装,167JPY,167JPY,(約8.53CNY)
食品,MINTIA 葡萄味清爽硬喉糖 50粒,121JPY,121JPY,(約6.18CNY)
食品,日清 咚兵衛 炸天婦羅蕎麥面,234JPY,234JPY,(約11.96CNY)
食品,meiji明治 果汁膠原QQ軟糖 溫州蜜柑,151JPY,151JPY,(約7.72CNY)
食品,龍角散 喉糖 120max 袋裝,348JPY,398JPY,(約17.78CNY)
食品,日清 cup noodle 經典口味 面減量裝,181JPY,181JPY,(約9.25CNY)
食品,一蘭拉麵　附一蘭特製赤紅祕製辣粉【5餐份】,"2,474JPY","2,474JPY",(約126.42CNY)
食品,Glico固力果格力高儿童乳酸菌夹心饼干零食【奶油】15个装,167JPY,167JPY,(約8.53CNY)
食品,日清 cup noodle 經典咖喱口味 面減量裝,186JPY,186JPY,(約9.5CNY)
食品,i-FACTORY 梅片,351JPY,398JPY,(約17.94CNY)
食品,龍角散喉糖 香檬味,555JPY,555JPY,(約28.36CNY)
食品,梅干片,170JPY,170JPY,(約8.69CNY)
食品,沖繩島辣椒蝦餅（小）18片裝,965JPY,965JPY,(約49.31CNY)
食品,卡樂比 薯條 鱈魚子黃油味 52g,191JPY,191JPY,(約9.76CNY)
食品,日东红茶冲饮饮料速溶冲泡饮品冲调冲剂【白桃味奶茶】10个装,471JPY,471JPY,(約24.07CNY)
食品,龍角散 潤喉糖 黑醋栗 & 藍莓 75g,461JPY,461JPY,(約23.56CNY)
食品,MINTIA COLD SMASH涼爽硬喉糖 50粒,121JPY,121JPY,(約6.18CNY)
食品,一蘭拉麵　博多細麵直條麵 附一蘭特製赤紅祕製辣粉【２餐份】,984JPY,984JPY,(約50.28CNY)
食品,果汁軟糖 葡萄,151JPY,151JPY,(約7.72CNY)
食品,Glico固力果格力高儿童乳酸菌夹心饼干零食【黄油】15个装,167JPY,167JPY,(約8.53CNY)
食品,酸酸俠 甘梅一番 無核 17g,239JPY,239JPY,(約12.21CNY)
食品,Kabaya 软糯果汁软糖 葡萄口味,152JPY,152JPY,(約7.77CNY)
食品,日清 咚兵衛 鴨湯頭新蔥蕎麥面,231JPY,231JPY,(約11.8CNY)
食品,日清 cup noodle杯面 番茄玉米味 BIG SIZE,308JPY,308JPY,(約15.74CNY)
食品,glico固力果 乳酸菌餅乾 大袋 [綜合口味],488JPY,488JPY,(約24.94CNY)
食品,龍角散 草本潤 喉糖(原味),555JPY,555JPY,(約28.36CNY)
食品,日清食品 小碗雞汁拉麵 袋面 31g x 3包,362JPY,362JPY,(約18.5CNY)
食品,MARUTAI熊本黑麻油豬骨棒拉麵,269JPY,269JPY,(約13.75CNY)
食品,好喝茶系列 高級茶包 綠茶(添加宇治抹茶) 50個,885JPY,885JPY,(約45.22CNY)
食品,日东红茶冲饮饮料速溶冲泡饮品冲调冲剂【草莓味奶茶】10个装,471JPY,471JPY,(約24.07CNY)
食品,龜田的柿種 6袋,364JPY,364JPY,(約18.6CNY)
食品,Meiji明治DIY自制阿波罗巧克力儿童零食,213JPY,298JPY,(約10.88CNY)
食品,MINTIA WILD& COOL涼爽硬喉糖 50粒,121JPY,121JPY,(約6.18CNY)
食品,KitKat mini 威化巧克力 原味 14個,298JPY,355JPY,(約15.23CNY)
食品,日東紅茶 抹茶歐蕾,635JPY,635JPY,(約32.45CNY)
食品,Kabaya Pureral软糖 苹果,175JPY,175JPY,(約8.94CNY)
食品,卡樂比 miino 香酥脆蠶豆 28g,219JPY,219JPY,(約11.19CNY)
食品,SOURS 可樂軟糖,151JPY,151JPY,(約7.72CNY)
食品,Calbee卡乐比 沙拉味土豆棒bits 大袋 108g,216JPY,238JPY,(約11.04CNY)
食品,Calbee卡樂比 薯條三兄弟 10袋,"1,059JPY","1,059JPY",(約54.11CNY)
食品,Tirol松尾 什錦夾心巧克力 27枚入,380JPY,471JPY,(約19.42CNY)
食品,UHA 味觉糖 cororo软糖 葡萄味 48g,176JPY,176JPY,(約8.99CNY)
食品,MINTIA 硬喉糖 清爽兒茶素薄荷味 50粒,121JPY,121JPY,(約6.18CNY)
食品,一蘭豚骨拉麵 128g,538JPY,598JPY,(約27.49CNY)
食品,伊藤園 美味茶系列 宇治抹茶入玄米茶 200g,780JPY,780JPY,(約39.86CNY)
食品,Calbee　水果穀物麥片　750g,882JPY,882JPY,(約45.07CNY)
食品,UHA 味觉糖　cororo软糖 水晶葡萄味 48g,176JPY,176JPY,(約8.99CNY)
食品,伊藤園 美味茶清爽綠茶80g入,920JPY,920JPY,(約47.01CNY)
食品,日清食品 小碗咚兵衛 袋面 柚子風味 30g x 3包,357JPY,357JPY,(約18.24CNY)
食品,ORIHIRO 蒟蒻果凍 水晶葡萄 + 柳橙,316JPY,316JPY,(約16.15CNY)
食品,NOBEL諾貝爾 VC-3000喉糖,237JPY,237JPY,(約12.11CNY)
食品,一蘭特製辣粉（罐裝）,849JPY,849JPY,(約43.38CNY)
食品,Glico固力果格力高儿童乳酸菌夹心饼干零食【黄油】15个装,168JPY,168JPY,(約8.58CNY)
食品,湖池屋 香辣薯片 55g,161JPY,161JPY,(約8.23CNY)
食品,LION菓子 直接食用 檸檬,263JPY,263JPY,(約13.44CNY)
食品,SOURS 汽水軟糖,151JPY,151JPY,(約7.72CNY)
食品,Kracie Popin' Cookin' 甜甜圈,354JPY,354JPY,(約18.09CNY)
食品,Orion Beer Nuts 16g×5袋裝,459JPY,459JPY,(約23.45CNY)
食品,SOURS 葡萄軟糖,151JPY,151JPY,(約7.72CNY)
食品,日東紅茶 C & 檸檬茶,473JPY,473JPY,(約24.17CNY)
食品,日清 炸雞最高金賞店監修 炸雞粉 醬油口味 100g,183JPY,183JPY,(約9.35CNY)
食品,calbee 卡樂比 松鼠棒 芥末醬油味 38g,184JPY,184JPY,(約9.4CNY)
食品,UHA 味覺糖 cororo 蘇打味 40g,109JPY,126JPY,(約5.57CNY)
食品,ORIHIRO Purunto蒟蒻果凍 水蜜桃+粉色葡萄柚 12個裝,326JPY,326JPY,(約16.66CNY)
食品,明治 DIY自製香菇山巧克力,349JPY,349JPY,(約17.83CNY)
食品,不二家 麵包超人軟糖 10個裝 50g,140JPY,140JPY,(約7.15CNY)
食品,MARUTAI长崎酱油棒拉面,223JPY,223JPY,(約11.4CNY)
食品,日清 炸雞最高金賞店監修 炸雞粉 鹽口味 100g,160JPY,160JPY,(約8.18CNY)
食品,湖池屋 香辣薯條 105g,261JPY,261JPY,(約13.34CNY)
食品,千成堂 開心果零嘴,"1,199JPY","1,199JPY",(約61.27CNY)
食品,伊藤園 好喝茶系列 綠茶(添加抹茶) 100g,431JPY,598JPY,(約22.02CNY)
食品,Meiji明治 果汁軟糖 草莓,151JPY,151JPY,(約7.72CNY)
食品,伊藤園 極上抹茶綠茶沖泡包,427JPY,427JPY,(約21.82CNY)
食品,Glico 固力果 格力高 三角薄脆餅乾 卡門貝爾芝士味 40g,268JPY,268JPY,(約13.69CNY)
食品,UCC 117精緻即溶咖啡,494JPY,494JPY,(約25.24CNY)
食品,Glico 固力果 格力高 三角薄脆餅乾 切達芝士味 40g,268JPY,268JPY,(約13.69CNY)
食品,日東紅茶 皇家奶茶,824JPY,824JPY,(約42.11CNY)
食品,不二家 POP棒棒糖,195JPY,195JPY,(約9.96CNY)
食品,Kracie 嘉娜寶 捏捏糖 汽水味口味 23.5g,167JPY,167JPY,(約8.53CNY)
食品,Kracie Popin' Cookin' 日本食玩手工DIY迷你鲷鱼烧丸子零食,422JPY,422JPY,(約21.56CNY)
食品,Nobel诺贝尔 超浓厚牛奶糖 北海道蜜瓜味 1袋装 80g,280JPY,280JPY,(約14.31CNY)
食品,日清 麵包超人泡面 3份裝,361JPY,361JPY,(約18.45CNY)
食品,提拉米苏杏仁巧克力 抹茶味 385g,"1,580JPY","1,780JPY",(約80.74CNY)
食品,Tirol松尾 迷你Bis餅乾巧克力 102g,260JPY,431JPY,(約13.29CNY)
食品,伊藤園 香味四溢 綠茶茶包,672JPY,672JPY,(約34.34CNY)
食品,UHA味覺糖 cororo軟糖 可樂味 40g,120JPY,150JPY,(約6.13CNY)
食品,Glico 固力果 格力高 三角薄脆餅乾 煙熏芝士味 40g,268JPY,268JPY,(約13.69CNY)
食品,Kracie Popin' Cookin' 漢堡,354JPY,354JPY,(約18.09CNY)
食品,海鹽番茄幹 使用Nuchima-su鹽 110g,584JPY,584JPY,(約29.84CNY)
食品,永穀園 大人拌飯素 紅鮭魚海苔味 11.5g,119JPY,128JPY,(約6.08CNY)
食品,提拉米苏杏仁夹心巧克力,"1,380JPY","1,680JPY",(約70.52CNY)
食品,湖池屋 淡鹽味薯片 60g,163JPY,163JPY,(約8.33CNY)
食品,派皮餅 分享包,358JPY,358JPY,(約18.29CNY)
食品,湖池屋 海苔醬油味薯片 55g,140JPY,140JPY,(約7.15CNY)
食品,沖縄　邊銀食堂石垣島辣油 100g,"1,260JPY","1,260JPY",(約64.39CNY)
食品,硬炸薯片 黑胡椒口味,182JPY,182JPY,(約9.3CNY)
食品,Tirol松尾 迷你牛奶巧克力 140g,330JPY,431JPY,(約16.86CNY)
食品,沖繩縣產 粉末黑糖 180g,305JPY,305JPY,(約15.59CNY)
食品,AGF MAXIM 香醇即溶咖啡 (瓶) 80g,316JPY,498JPY,(約16.15CNY)
食品,Kracie 嘉娜寶 捏捏糖 葡萄口味 23.5g,167JPY,167JPY,(約8.53CNY)
食品,北海道青華堂 MILKY GOLD 超濃厚牛乳布丁 3個,987JPY,987JPY,(約50.44CNY)
食品,沖繩縣產 黑糖塊 180g,305JPY,305JPY,(約15.59CNY)
食品,日清食品 面包超人 清淡酱油味 拉面 30g×3袋,311JPY,311JPY,(約15.89CNY)
食品,GREENSNACK開心果 芥末味,"1,199JPY","1,199JPY",(約61.27CNY)
食品,三菱 巨峰葡萄糖果,152JPY,152JPY,(約7.77CNY)
食品,湖池屋 黃油烤玉米味 三角脆 58g,140JPY,140JPY,(約7.15CNY)
食品,UHA悠哈 sozai 日式可乐饼炸土豆饼膨化零食 30g,183JPY,183JPY,(約9.35CNY)
食品,日東紅茶 DAY & DAY 1.8g x 100包,950JPY,950JPY,(約48.55CNY)
食品,JA沖繩蒟蒻果凍 菠蘿口味 130g,226JPY,226JPY,(約11.55CNY)
食品,CalorieMate 低熱量餅乾 巧克力口味,258JPY,258JPY,(約13.18CNY)
食品,JA沖繩蒟蒻果凍 香檬口味 130g,205JPY,205JPY,(約10.48CNY)
食品,三菱 檸檬糖果,152JPY,152JPY,(約7.77CNY)
食品,北海道特產北海takaraya 帝王蟹煎餅 12個,781JPY,781JPY,(約39.91CNY)
食品,UCC職人 便利沖濾掛式咖啡 濃郁香醇 (18杯份),812JPY,812JPY,(約41.49CNY)
食品,北海道青華堂 MILKY GOLD 超濃厚巧克力布丁 3個,"1,144JPY","1,144JPY",(約58.46CNY)
食品,不二家 麵包超人小餅乾 72g,218JPY,218JPY,(約11.14CNY)
食品,辻利 三角茶包 煎茶綠茶 ( 2.0g*20袋 ),700JPY,700JPY,(約35.77CNY)
食品,湖池屋 海苔鹽味薯片 60g,163JPY,163JPY,(約8.33CNY)
食品,UCC悠詩詩滴濾式掛耳職人咖啡 深厚濃郁 7g×50袋,"1,187JPY","1,187JPY",(約60.66CNY)
食品,AGF MAXIM 香醇即溶咖啡 補充包(袋) 135g,531JPY,598JPY,(約27.13CNY)
食品,NOBEL男梅硬糖80g,236JPY,236JPY,(約12.06CNY)
食品,梅鹽番茄幹 使用Nuchima-su鹽 110g,533JPY,533JPY,(約27.24CNY)
食品,LOTTE 巧克力夹心派 69g,187JPY,187JPY,(約9.56CNY)
食品,UHA味覺糖 忍者飯 梅子軟糖,114JPY,114JPY,(約5.83CNY)
食品,UHA味覺糖 忍者飯 巨峰葡萄軟糖,94JPY,108JPY,(約4.8CNY)
食品,湖池屋 蒜香味薯片 55g,152JPY,152JPY,(約7.77CNY)
食品,北海道特產白色戀人 白巧克力餅乾 18個,"1,110JPY","1,502JPY",(約56.72CNY)
食品,日清食品 面包超人 酱油味 拉面杯面 33g,122JPY,122JPY,(約6.23CNY)
食品,美豆 蠶豆 山葵味 10g×8袋,568JPY,568JPY,(約29.02CNY)
食品,日東紅茶 生薑 & 柚子茶,471JPY,471JPY,(約24.07CNY)
食品,NOBEL男梅軟糖38g,164JPY,164JPY,(約8.38CNY)
食品,Kracie popin cookin whip cake 食玩自製日式霜淇淋甜筒形狀蛋糕 27g,355JPY,355JPY,(約18.14CNY)
食品,特濃牛奶8.2,242JPY,242JPY,(約12.37CNY)
食品,NOBEL诺贝尔 男梅干,96JPY,168JPY,(約4.91CNY)
食品,北海道青華堂 MILKY GOLD 超濃厚牛乳布丁 1個,328JPY,328JPY,(約16.76CNY)
食品,日清食品 面包超人 乌冬杯面 32g,122JPY,122JPY,(約6.23CNY)
食品,沖縄　石垣之鹽 158g,664JPY,680JPY,(約33.93CNY)
食品,北海道青華堂 雪花青 濃郁草莓曲奇餅乾 6枚裝,430JPY,430JPY,(約21.97CNY)
食品,UCC 114精緻即溶咖啡,494JPY,494JPY,(約25.24CNY)
食品,Nobel诺贝尔 超浓厚牛奶糖 浓香牛奶味 1袋装 80g,280JPY,280JPY,(約14.31CNY)
食品,龜田制果 柿種花生米果 梅子味 6袋 173g,585JPY,585JPY,(約29.89CNY)
食品,美味茶 清爽綠茶 40g入,706JPY,706JPY,(約36.08CNY)
食品,UCC 職人珈琲 濾掛式咖啡 MOCHA炭燒 7g x 18包,804JPY,804JPY,(約41.08CNY)
食品,湖池屋 梅子味薯片 55g,197JPY,197JPY,(約10.07CNY)
食品,森永 儿童饼干 清汤味 5袋装 10g×5袋,169JPY,169JPY,(約8.64CNY)
食品,不二家 Country Ma'am 鄉村餅乾 香草 & 可哥亞,476JPY,476JPY,(約24.32CNY)
食品,UHA味覺糖 魔物獵人恢復系能量軟糖,94JPY,108JPY,(約4.8CNY)
食品,UHA味覺糖 手撕軟糖 葡萄,190JPY,190JPY,(約9.71CNY)
食品,Glico固力果格力高 sunao 柠檬&香草 夹心饼干 6个,301JPY,301JPY,(約15.38CNY)
食品,北海道特產HORI 夕張哈密瓜 pure布丁果凍 3個,658JPY,658JPY,(約33.62CNY)
食品,Tohato桃哈多 麵包超人 焦糖玉米條 53g,179JPY,179JPY,(約9.15CNY)
食品,UHA味覺糖 機能性表示食品 特濃牛奶糖8.2 朗姆酒葡萄乾味 93ｇ,292JPY,292JPY,(約14.92CNY)
食品,湖池屋 辣椒玉米味 三角脆 58g,140JPY,140JPY,(約7.15CNY)
食品,栗山米果 麵包超人 蔬菜仙貝 12枚,186JPY,186JPY,(約9.5CNY)
食品,北海道特產白色戀人 白巧克力餅乾 24個,"1,500JPY","2,003JPY",(約76.65CNY)
食品,UHA 味覺糖 e-ma爽喉糖 混合水果味 50g,231JPY,231JPY,(約11.8CNY)
食品,永穀園 大人香松飯友 烤鱈魚 2.4g x 5包,173JPY,173JPY,(約8.84CNY)
食品,沖繩島辣椒香檬胡椒 30g,430JPY,538JPY,(約21.97CNY)
食品,北海道青華堂 MILKY GOLD 超濃厚巧克力布丁 1個,380JPY,380JPY,(約19.42CNY)
食品,永穀園 鮭魚茶泡飯 5.8g x 6包,253JPY,253JPY,(約12.93CNY)
食品,味之素 Knorr杯湯系列 奶味香菇濃湯,277JPY,277JPY,(約14.15CNY)
食品,北海道特產白色戀人 白巧克力&黑巧克力餅乾 24個,"1,560JPY","2,003JPY",(約79.72CNY)
食品,湖池屋 海苔鹽味薯條 40g,150JPY,150JPY,(約7.67CNY)
食品,湖池屋 醇厚清湯味薯片 60g,152JPY,152JPY,(約7.77CNY)
食品,不二家 麵包超人機能小饅頭餅乾 50g,218JPY,218JPY,(約11.14CNY)
食品,UCC悠詩詩滴濾式掛耳職人咖啡 平衡調合圓潤口感 7g×50袋,"1,187JPY","1,187JPY",(約60.66CNY)
食品,男梅 濃縮梅片,229JPY,229JPY,(約11.7CNY)
食品,北海道特產白色戀人 白巧克力餅乾 9個,600JPY,752JPY,(約30.66CNY)
食品,AGF MAXIM 香醇即溶咖啡 補充包(袋) 70g,289JPY,498JPY,(約14.77CNY)
食品,Nobel诺贝尔 超浓厚牛奶糖 北海道红豆味 1袋装 80g,280JPY,280JPY,(約14.31CNY)
食品,森永 兒童餅乾 淡鹽味 5袋裝 10g×5袋,160JPY,160JPY,(約8.18CNY)
食品,不二家 麵包超人幼兒餅乾 84g,218JPY,218JPY,(約11.14CNY)
食品,CalorieMate 低熱量餅乾 水果口味,258JPY,258JPY,(約13.18CNY)
食品,Hamada滨田 Healthy Club香草味高钙威化饼干 40枚,608JPY,608JPY,(約31.07CNY)
食品,BOURBON 波路梦布尔本 旋风奶油脆皮饼干 14个,164JPY,164JPY,(約8.38CNY)
食品,湖池屋 清爽酸梅味薯條 40g,150JPY,150JPY,(約7.67CNY)
食品,上间果子店 蜂蜜梅子 72g(保质期至2022-06-13),346JPY,346JPY,(約17.68CNY)
食品,永穀園 大人拌飯素 芥末味 13.5g,122JPY,128JPY,(約6.23CNY)
食品,S&B義大利面醬汁 生風味 辣明太子口味 53.4g,300JPY,300JPY,(約15.33CNY)
食品,BOURBON 波路梦布尔本 fettuccine 条形果汁软糖 粉柠檬味 50g,129JPY,129JPY,(約6.59CNY)
食品,Glico 格力高 SUNAO 杏仁香草奶油夾心 6枚裝（1枚含糖4.5g),350JPY,350JPY,(約17.89CNY)
食品,北海道特產白色戀人 黑巧克力餅乾 18個(保質期至2022-05-24),"1,200JPY","1,502JPY",(約61.32CNY)
食品,森永 蒙奈 兒童小餅乾,240JPY,240JPY,(約12.26CNY)
食品,永穀園 鱈魚茶泡飯 6.5g x 6包,253JPY,253JPY,(約12.93CNY)
食品,春日井果汁软糖 25g×4袋,219JPY,219JPY,(約11.19CNY)
食品,S&B義大利面醬汁 生風味 奶油鱈魚子口味 53.4g,300JPY,300JPY,(約15.33CNY)
食品,焦糖黑糖 120g,269JPY,340JPY,(約13.75CNY)
食品,Glico固力果格力高 PRETZ棒 [沙拉],133JPY,133JPY,(約6.8CNY)
食品,SANRITSU三立 源氏派,244JPY,244JPY,(約12.47CNY)
食品,Calbee卡樂比 薯粒三姐妹 10袋,"1,131JPY","1,131JPY",(約57.79CNY)
食品,S&B義大利面醬汁 棷欖油香蒜口味 44.6g,299JPY,299JPY,(約15.28CNY)
食品,Hamada滨田 Healthy Club可可味高铁钙威化饼干 40枚,608JPY,608JPY,(約31.07CNY)
食品,UCC職人 便利沖濾掛式咖啡 溫醇滋味 (8杯份),376JPY,376JPY,(約19.21CNY)
食品,不二家 麵包超人 一口餅乾 10袋　135g,393JPY,393JPY,(約20.08CNY)
食品,春日井 薄荷润喉糖什锦水果味糖果 67g,211JPY,211JPY,(約10.78CNY)
食品,Asahi 蟹雜燴粥 介護食品 100g,227JPY,227JPY,(約11.6CNY)
食品,永谷園 大人拌飯素 柴魚味 13.5g,173JPY,173JPY,(約8.84CNY)
食品,MORINAGA森永 牛奶糖大盒,461JPY,461JPY,(約23.56CNY)
食品,Kabaya卡巴也 TOUGH大颗粒软糖 100g,203JPY,203JPY,(約10.37CNY)
食品,不二家 麵包超人一口餅乾 4連包 80g,220JPY,220JPY,(約11.24CNY)
食品,Kracie FRISK NEO涼糖 葡萄(保質期至2022-05-01),345JPY,345JPY,(約17.63CNY)
食品,丸美屋 拌飯素 雞蛋海苔味 58g 大袋,300JPY,300JPY,(約15.33CNY)
食品,北海道青華堂 雪花青 牛奶巧克力曲奇餅乾 30枚裝,"1,200JPY","1,711JPY",(約61.32CNY)
食品,提拉米苏杏仁巧克力 草莓味(保质期至2022-06-15),"1,580JPY","1,780JPY",(約80.74CNY)
食品,丸美屋 沙丁魚海苔 拌飯料 31g,185JPY,185JPY,(約9.45CNY)
食品,FUJIYA不二家 麵包超人軟糖 4袋裝（21g×4袋）,197JPY,197JPY,(約10.07CNY)
食品,Meiji明治 cacao72% 杏仁巧克力 大袋 166g,620JPY,811JPY,(約31.68CNY)
食品,S&B義大利面醬汁 生風味 鱈魚子口味 53.4g,300JPY,300JPY,(約15.33CNY)
食品,永穀園 梅幹茶泡飯 6袋入,289JPY,289JPY,(約14.77CNY)
食品,UHA 味覺糖 e-ma爽喉糖 袋裝　葡萄味 50g,231JPY,231JPY,(約11.8CNY)
食品,frisk 清涼薄荷糖 柳丁味 35g,381JPY,381JPY,(約19.47CNY)
食品,UHA悠哈 味觉糖 特浓牛奶8.2 特浓盐牛奶味 1袋装75g,259JPY,259JPY,(約13.23CNY)
食品,LOTTE樂天 Ghana 牛奶巧克力 24個 96g,220JPY,275JPY,(約11.24CNY)
食品,湖池屋 家庭裝 海苔鹽味薯片 126g,328JPY,328JPY,(約16.76CNY)
食品,北海道特產白色戀人 白巧克力&黑巧克力餅乾 36個,"2,500JPY","3,263JPY",(約127.75CNY)
食品,MORINAGA森永 牛奶可哥亞300g,464JPY,464JPY,(約23.71CNY)
食品,Tohato桃哈多 麵包超人 玉米圈 25g,202JPY,202JPY,(約10.32CNY)
食品,Glico固力果格力高 牛奶夹心甜筒卷 48g,178JPY,178JPY,(約9.1CNY)
食品,湖池屋 香辣味薯條 40g,150JPY,150JPY,(約7.67CNY)
食品,UCC職人 便利沖濾掛式咖啡 濃郁香醇 (8杯份),376JPY,376JPY,(約19.21CNY)
食品,Kracie FRISK NEO 清新口含錠 檸檬 35g,345JPY,398JPY,(約17.63CNY)
食品,Asahi 貝類雜燴粥 介護食品 100g,227JPY,227JPY,(約11.6CNY)
食品,Asahi 鯛魚雜燴粥 介護食品 100g,227JPY,227JPY,(約11.6CNY)
食品,丸美屋 拌飯素 鱈魚子 大袋 60g,300JPY,300JPY,(約15.33CNY)
食品,湖池屋 醇厚清湯味薯片 126g,328JPY,328JPY,(約16.76CNY)
食品,Glico固力果格力高 Pocky巧克力棒,168JPY,202JPY,(約8.58CNY)
食品,味之素「HONDASHI」調味粉 120g,283JPY,283JPY,(約14.46CNY)
食品,NOBEL超男梅錠糖30g,194JPY,194JPY,(約9.91CNY)
食品,UCC 職人的咖啡 甜香 300g,554JPY,554JPY,(約28.31CNY)
食品,Hamada滨田 Healthy Club浓郁可可味高铁钙威化饼干 40枚,608JPY,608JPY,(約31.07CNY)
食品,北海道特產白色戀人 白巧克力&黑巧克力餅乾 54個,"3,980JPY","4,763JPY",(約203.38CNY)
食品,Calbee卡樂比 黃金薯條片 18g×8袋,"1,475JPY","1,475JPY",(約75.37CNY)
食品,永穀園 山葵茶泡飯 5.3g x 6包,252JPY,252JPY,(約12.88CNY)
食品,UHA悠哈 味觉糖 麻辣花生味 55g,208JPY,208JPY,(約10.63CNY)
食品,情熱價格 堅果巧克力 340g,580JPY,831JPY,(約29.64CNY)
食品,Glico固力果格力高 pretz百力滋北海道黃油餅乾 14袋,"1,031JPY","1,031JPY",(約52.68CNY)
食品,北海道特產白色戀人 白巧克力餅乾 27個,"2,000JPY","2,386JPY",(約102.2CNY)
食品,北海道特產HORI 夕張哈密瓜 pure布丁果凍 12個,965JPY,965JPY,(約49.31CNY)
食品,frisk 清涼薄荷糖 超強薄荷 35g,381JPY,381JPY,(約19.47CNY)
食品,Hamada滨田 Healthy Club蓝莓味威化饼干 40枚,608JPY,608JPY,(約31.07CNY)
食品,Glico固力果格力高 PRETZ番茄蔬果棒 (9袋),480JPY,480JPY,(約24.53CNY)
食品,北海道特產SOKENSHA創健社 有機黑巧克力 含可哥粒（GRACIA DEL SOL）100g,500JPY,690JPY,(約25.55CNY)
食品,天乃屋 歌舞伎揚 仙貝 11個,343JPY,343JPY,(約17.53CNY)
食品,湖池屋 清爽酸味薯片 55g,197JPY,197JPY,(約10.07CNY)
食品,上间果子店 甘梅一番梅子肉 65g,572JPY,572JPY,(約29.23CNY)
食品,森永乳業 creap 奶精 替換補充裝 200g,553JPY,553JPY,(約28.26CNY)
食品,Asahi 魚翅雜燴粥 介護食品100g,227JPY,227JPY,(約11.6CNY)
食品,情熱價格 香菇小零食 125g,704JPY,704JPY,(約35.97CNY)
食品,情熱價格 柔和可哥蛋糕 10個,495JPY,495JPY,(約25.29CNY)
食品,LOTTE樂天 TOPPO巧克力夾心餅乾棒 8袋,310JPY,379JPY,(約15.84CNY)
食品,不二家 麵包超人 糖果 110g 6個入,300JPY,300JPY,(約15.33CNY)
食品,Glico固力果格力高 PRETZ百力滋餅乾棒 沙拉味 9袋 143g,365JPY,365JPY,(約18.65CNY)
食品,情熱價格 濕海帶莖裙帶菜 梅子味 130g,413JPY,413JPY,(約21.1CNY)
食品,Glico固力果格力高 黄油酥脆饼干棒 62g,154JPY,154JPY,(約7.87CNY)
食品,House食品 umakachan 博多辣芥末醬高麗菜味 5份裝,644JPY,644JPY,(約32.91CNY)
食品,岩塚制果 黑豆煎餅 169g,262JPY,262JPY,(約13.39CNY)
食品,三菱食品 KAMUKAMU 巨峰葡萄糖果 120g,466JPY,466JPY,(約23.81CNY)
食品,三菱食品 KAMUKAMU 麝香葡萄糖果 120g,466JPY,466JPY,(約23.81CNY)
食品,上间果子店 潮人梅子肉 35g（保质期到2022年4月24日）,493JPY,493JPY,(約25.19CNY)
食品,北海道特產SOKENSHA創健社 VIVANI ORGANIC EXTRA 黑巧克力 92% 80g,500JPY,719JPY,(約25.55CNY)
食品,三菱食品 檸檬嚼糖 罐裝,468JPY,468JPY,(約23.91CNY)
食品,LOTTE樂天 CRUNKY 巧克力 24個 85g,398JPY,468JPY,(約20.34CNY)
食品,北海道特產SOKENSHA創健社 VIVANI ORGANIC 蔓越莓黑巧克力 100g,550JPY,725JPY,(約28.11CNY)
食品,Kabaya卡巴也 TOUGH大颗粒软糖 葡萄 100g,240JPY,240JPY,(約12.26CNY)
食品,情熱價格 黑糖花林糖 95g,111JPY,111JPY,(約5.67CNY)
食品,情熱價格　去核鹽味梅子 100g,580JPY,580JPY,(約29.64CNY)
食品,情熱價格 去核幹梅 160g,580JPY,580JPY,(約29.64CNY)
食品,frisk 清涼薄荷糖 清爽薄荷 35g,381JPY,381JPY,(約19.47CNY)
食品,日本北海道特產藤原制面 蟹味拉麵 味增味,200JPY,200JPY,(約10.22CNY)
食品,日本北海道特產藤原制面 蛤蜊拉麵 鹹味,200JPY,200JPY,(約10.22CNY)
食品,日本北海道特產藤原制面 北海道拉麵蟹醬油味,220JPY,220JPY,(約11.24CNY)
食品,上間果子店 SUPPALMAN 梅子糖 12個,257JPY,257JPY,(約13.13CNY)
食品,北海道特产HORI 牛奶巧克力玉米棒 16个,798JPY,942JPY,(約40.78CNY)
食品,Asahi 胡蘿蔔濃湯風味介護食品 65g,178JPY,178JPY,(約9.1CNY)
食品,UHA悠哈 特濃牛奶8.2 紅豆牛奶糖 袋裝,349JPY,349JPY,(約17.83CNY)
食品,北海道特產SOKENSHA創健社 板藍根糖 80g,655JPY,655JPY,(約33.47CNY)
食品,三島食品 MISHIMA YUKARI 紅紫蘇葉 大袋 拌飯料 60g,370JPY,370JPY,(約18.91CNY)
食品,三島食品 MISHIMA AKARI 唐辛明太子 拌飯料 12g,158JPY,158JPY,(約8.07CNY)
食品,katsuren勝連漁業 檸檬調味醬汁 100g,351JPY,351JPY,(約17.94CNY)
食品,三島食品 MISHIMA UMEKO 梅子 拌飯料 12g,181JPY,181JPY,(約9.25CNY)
食品,LOTTE樂天 cacao 巧克力 135g,450JPY,586JPY,(約23CNY)
食品,Asahi 沙丁魚白味增搭配 介護食品 100g,227JPY,227JPY,(約11.6CNY)
食品,Glico固力果格力高 PRETZ番茄蔬果棒 (2袋),155JPY,155JPY,(約7.92CNY)
食品,MORINAGA森永 紅豆焦糖奶糖 大盒 149g,469JPY,469JPY,(約23.97CNY)
食品,frisk 清涼薄荷糖 清涼薄荷 35g,381JPY,381JPY,(約19.47CNY)
食品,北海道特產SOKENSHA創健社 牛奶黑巧克力 50% 80g,500JPY,719JPY,(約25.55CNY)
食品,三幸制果 芝士仙貝 20個,202JPY,202JPY,(約10.32CNY)
食品,三島食品 MISHIMA YUKARI 紅紫蘇葉 拌飯料 26g,172JPY,172JPY,(約8.79CNY)
食品,Asahi 生薑煮沙丁魚蔬菜 介護食品 100g,227JPY,227JPY,(約11.6CNY)
食品,三島食品 MISHIMA HIROSHI 青菜 拌飯料 16g,170JPY,170JPY,(約8.69CNY)
食品,三島食品 MISHIMA KAORI 青紫蘇葉 拌飯料 15g,170JPY,170JPY,(約8.69CNY)
食品,Asahi 細膩易吞咽米飯 150g,222JPY,222JPY,(約11.34CNY)
食品,山善mitobe 芝麻魚條 340g,"1,265JPY","1,265JPY",(約64.64CNY)
食品,北海道特產SOKENSHA創健社 有機黑巧克力（GRACIA DEL SOL）100g,400JPY,624JPY,(約20.44CNY)
食品,Calbee卡樂比 豆次郎薯片 14g×6袋,836JPY,836JPY,(約42.72CNY)
食品,丘比 細膩光滑易吞咽米飯 150g,196JPY,196JPY,(約10.02CNY)
食品,丘比 簡易食譜 吞咽調整食品 Y5-18 300g,"1,712JPY","1,712JPY",(約87.48CNY)
食品,MILKY袋,216JPY,216JPY,(約11.04CNY)
食品,丘比 簡易食譜 吞咽調整食品(保質期至2022-05-01),"3,233JPY","3,233JPY",(約165.21CNY)
食品,明治 家中簡易吞咽調整食品 50 2.5G×50H,"1,723JPY","1,723JPY",(約88.05CNY)
食品,Asahi 吞咽调整食品 330g,"1,602JPY","1,602JPY",(約81.86CNY)
食品,Asahi 吞咽調整食品 1000g,"4,302JPY","4,302JPY",(約219.83CNY)
食品,Marukome 清真食品 味噌湯粉 裙帶菜 5g x 20份,"1,619JPY","1,619JPY",(約82.73CNY)
食品,Marukome 料亭之味 顆粒味噌 豆腐 6g x 6份,563JPY,563JPY,(約28.77CNY)
食品,Marukome 料亭之味 顆粒味噌 石蓴草 6g x 6份,563JPY,563JPY,(約28.77CNY)
食品,森永乳業 creap 奶精 265g,717JPY,717JPY,(約36.64CNY)
食品,森永乳業 creap 奶精 罐裝 85g,462JPY,462JPY,(約23.61CNY)
食品,情熱價格 柚子皮幹 92g,576JPY,576JPY,(約29.43CNY)
食品,NICHIFURI 海苔鹽薯片口味 拌飯配料 20ｇ,156JPY,156JPY,(約7.97CNY)
食品,湖池屋 家庭裝 淡鹽味薯片 126g,328JPY,328JPY,(約16.76CNY)
